Date,Close,Strategy_Equity,Sharpe,Max_Drawdown,Total_Return
2024-06-27,5482.8701171875,1.0,-1.0356274213150116,-0.37983358500655184,-0.3080293816743168
2024-06-28,5460.47998046875,0.997324436071756,-1.0356274213150116,-0.37983358500655184,-0.3080293816743168
2024-07-01,5475.08984375,0.9911456941904189,-1.0356274213150116,-0.37983358500655184,-0.3080293816743168
2024-07-02,5509.009765625,0.9861062690114003,-1.0356274213150116,-0.37983358500655184,-0.3080293816743168
2024-07-03,5537.02001953125,0.9807332075159733,-1.0356274213150116,-0.37983358500655184,-0.3080293816743168
2024-07-05,5567.18994140625,0.9797360970802116,-1.0356274213150116,-0.37983358500655184,-0.3080293816743168
2024-07-08,5572.85009765625,0.9790100421544404,-1.0356274213150116,-0.37983358500655184,-0.3080293816743168
2024-07-09,5576.97998046875,0.9690162437313292,-1.0356274213150116,-0.37983358500655184,-0.3080293816743168
2024-07-10,5633.91015625,0.977507761013898,-1.0356274213150116,-0.37983358500655184,-0.3080293816743168
2024-07-11,5584.5400390625,0.9721148242364354,-1.0356274213150116,-0.37983358500655184,-0.3080293816743168
2024-07-12,5615.35009765625,0.9693674307709937,-1.0356274213150116,-0.37983358500655184,-0.3080293816743168
2024-07-15,5631.22021484375,0.9631737782659353,-1.0356274213150116,-0.37983358500655184,-0.3080293816743168
2024-07-16,5667.2001953125,0.976588422698361,-1.0356274213150116,-0.37983358500655184,-0.3080293816743168
2024-07-17,5588.27001953125,0.9842218322824768,-1.0356274213150116,-0.37983358500655184,-0.3080293816743168
2024-07-18,5544.58984375,0.991249437500153,-1.0356274213150116,-0.37983358500655184,-0.3080293816743168
2024-07-19,5505.0,0.9805518382439862,-1.0356274213150116,-0.37983358500655184,-0.3080293816743168
2024-07-22,5564.41015625,0.9820796386010007,-1.0356274213150116,-0.37983358500655184,-0.3080293816743168
2024-07-23,5555.740234375,1.0048138922064422,-1.0356274213150116,-0.37983358500655184,-0.3080293816743168
2024-07-24,5427.1298828125,1.0099812684586253,-1.0356274213150116,-0.37983358500655184,-0.3080293816743168
2024-07-25,5399.22021484375,0.9987801028214144,-1.0356274213150116,-0.37983358500655184,-0.3080293816743168
2024-07-26,5459.10009765625,0.9979677848476665,-1.0356274213150116,-0.37983358500655184,-0.3080293816743168
2024-07-29,5463.5400390625,1.0029178765842879,-1.0356274213150116,-0.37983358500655184,-0.3080293816743168
2024-07-30,5436.43994140625,0.9870783947527798,-1.0356274213150116,-0.37983358500655184,-0.3080293816743168
2024-07-31,5522.2998046875,1.0005949556924092,-1.0356274213150116,-0.37983358500655184,-0.3080293816743168
2024-08-01,5446.68017578125,1.0189877529354852,-1.0356274213150116,-0.37983358500655184,-0.3080293816743168
2024-08-02,5346.56005859375,1.049525591433733,-1.0356274213150116,-0.37983358500655184,-0.3080293816743168
2024-08-05,5186.330078125,1.0386587133370602,-1.0356274213150116,-0.37983358500655184,-0.3080293816743168
2024-08-06,5240.02978515625,1.0466923727221533,-1.0356274213150116,-0.37983358500655184,-0.3080293816743168
2024-08-07,5199.5,1.0225738470205161,-1.0356274213150116,-0.37983358500655184,-0.3080293816743168
2024-08-08,5319.31005859375,1.0177967124571186,-1.0356274213150116,-0.37983358500655184,-0.3080293816743168
2024-08-09,5344.16015625,1.01775291261618,-1.0356274213150116,-0.37983358500655184,-0.3080293816743168
2024-08-12,5344.39013671875,1.0006062392683102,-1.0356274213150116,-0.37983358500655184,-0.3080293816743168
2024-08-13,5434.43017578125,0.9967801927492324,-1.0356274213150116,-0.37983358500655184,-0.3080293816743168
2024-08-14,5455.2099609375,0.9806988909491648,-1.0356274213150116,-0.37983358500655184,-0.3080293816743168
2024-08-15,5543.22021484375,0.9787475165422548,-1.0356274213150116,-0.37983358500655184,-0.3080293816743168
2024-08-16,5554.25,0.9692318545106067,-1.0356274213150116,-0.37983358500655184,-0.3080293816743168
2024-08-19,5608.25,0.9711553488176927,-1.0356274213150116,-0.37983358500655184,-0.3080293816743168
2024-08-20,5597.1201171875,0.9670379639924023,-1.0356274213150116,-0.37983358500655184,-0.3080293816743168
2024-08-21,5620.85009765625,0.9756763260734644,-1.0356274213150116,-0.37983358500655184,-0.3080293816743168
2024-08-22,5570.64013671875,0.9644722730029643,-1.0356274213150116,-0.37983358500655184,-0.3080293816743168
2024-08-23,5634.60986328125,0.9675139549519717,-1.0356274213150116,-0.37983358500655184,-0.3080293816743168
2024-08-26,5616.83984375,0.9659705804789498,-1.0356274213150116,-0.37983358500655184,-0.3080293816743168
2024-08-27,5625.7998046875,0.971743194781609,-1.0356274213150116,-0.37983358500655184,-0.3080293816743168
2024-08-28,5592.18017578125,0.9717814611229745,-1.0356274213150116,-0.37983358500655184,-0.3080293816743168
2024-08-29,5591.9599609375,0.9619732205325277,-1.0356274213150116,-0.37983358500655184,-0.3080293816743168
2024-08-30,5648.39990234375,0.9823199876674664,-1.0356274213150116,-0.37983358500655184,-0.3080293816743168
2024-09-03,5528.93017578125,0.9838941982565004,-1.0356274213150116,-0.37983358500655184,-0.3080293816743168
2024-09-04,5520.06982421875,0.986863608275692,-1.0356274213150116,-0.37983358500655184,-0.3080293816743168
2024-09-05,5503.41015625,1.0038971207143055,-1.0356274213150116,-0.37983358500655184,-0.3080293816743168
2024-09-06,5408.419921875,0.9922719215116304,-1.0356274213150116,-0.37983358500655184,-0.3080293816743168
2024-09-09,5471.0498046875,0.9878338140285772,-1.0356274213150116,-0.37983358500655184,-0.3080293816743168
2024-09-10,5495.52001953125,0.9772985408387,-1.0356274213150116,-0.37983358500655184,-0.3080293816743168
2024-09-11,5554.1298828125,0.969973392787659,-1.0356274213150116,-0.37983358500655184,-0.3080293816743168
2024-09-12,5595.759765625,0.9647280566139889,-1.0356274213150116,-0.37983358500655184,-0.3080293816743168
2024-09-13,5626.02001953125,0.9635157506235356,-1.0356274213150116,-0.37983358500655184,-0.3080293816743168
2024-09-16,5633.08984375,0.9632608524538329,-1.0356274213150116,-0.37983358500655184,-0.3080293816743168
2024-09-17,5634.580078125,0.9660508949941411,-1.0356274213150116,-0.37983358500655184,-0.3080293816743168
2024-09-18,5618.259765625,0.949650390815182,-1.0356274213150116,-0.37983358500655184,-0.3080293816743168
2024-09-19,5713.64013671875,0.9514936882376032,-1.0356274213150116,-0.37983358500655184,-0.3080293816743168
2024-09-20,5702.5498046875,0.9488206826566825,-1.0356274213150116,-0.37983358500655184,-0.3080293816743168
2024-09-23,5718.56982421875,0.9464380242338272,-1.0356274213150116,-0.37983358500655184,-0.3080293816743168
2024-09-24,5732.93017578125,0.9481995809920165,-1.0356274213150116,-0.37983358500655184,-0.3080293816743168
2024-09-25,5722.259765625,0.9443701103733164,-1.0356274213150116,-0.37983358500655184,-0.3080293816743168
2024-09-26,5745.3701171875,0.9455536110175019,-1.0356274213150116,-0.37983358500655184,-0.3080293816743168
2024-09-27,5738.169921875,0.9415477234303413,-1.0356274213150116,-0.37983358500655184,-0.3080293816743168
2024-09-30,5762.47998046875,0.9503268152290191,-1.0356274213150116,-0.37983358500655184,-0.3080293816743168
2024-10-01,5708.75,0.9504583318141528,-1.0356274213150116,-0.37983358500655184,-0.3080293816743168
2024-10-02,5709.5400390625,0.9520564452754099,-1.0356274213150116,-0.37983358500655184,-0.3080293816743168
2024-10-03,5699.93994140625,0.9435162615318812,-1.0356274213150116,-0.37983358500655184,-0.3080293816743168
2024-10-04,5751.06982421875,0.9525608293192106,-1.0356274213150116,-0.37983358500655184,-0.3080293816743168
2024-10-07,5695.93994140625,0.9433311364429464,-1.0356274213150116,-0.37983358500655184,-0.3080293816743168
2024-10-08,5751.1298828125,0.9366208334359157,-1.0356274213150116,-0.37983358500655184,-0.3080293816743168
2024-10-09,5792.0400390625,0.9385597536135517,-1.0356274213150116,-0.37983358500655184,-0.3080293816743168
2024-10-10,5780.0498046875,0.932879733038547,-1.0356274213150116,-0.37983358500655184,-0.3080293816743168
2024-10-11,5815.02978515625,0.925689406821884,-1.0356274213150116,-0.37983358500655184,-0.3080293816743168
2024-10-14,5859.85009765625,0.9327334091897804,-1.0356274213150116,-0.37983358500655184,-0.3080293816743168
2024-10-15,5815.259765625,0.928369013434288,-1.0356274213150116,-0.37983358500655184,-0.3080293816743168
2024-10-16,5842.47021484375,0.928527913519063,-1.0356274213150116,-0.37983358500655184,-0.3080293816743168
2024-10-17,5841.47021484375,0.9248402159449076,-1.0356274213150116,-0.37983358500655184,-0.3080293816743168
2024-10-18,5864.669921875,0.9265259864724233,-1.0356274213150116,-0.37983358500655184,-0.3080293816743168
2024-10-21,5853.97998046875,0.9269659509393141,-1.0356274213150116,-0.37983358500655184,-0.3080293816743168
2024-10-22,5851.2001953125,0.935485994792014,-1.0356274213150116,-0.37983358500655184,-0.3080293816743168
2024-10-23,5797.419921875,0.9374933344544784,-1.0356274213150116,-0.37983358500655184,-0.3080293816743168
2024-10-24,5809.85986328125,0.9377740641800096,-1.0356274213150116,-0.37983358500655184,-0.3080293816743168
2024-10-25,5808.1201171875,0.9352876092338149,-1.0356274213150116,-0.37983358500655184,-0.3080293816743168
2024-10-28,5823.52001953125,0.9337779360204951,-1.0356274213150116,-0.37983358500655184,-0.3080293816743168
2024-10-29,5832.919921875,0.9368596216067712,-1.0356274213150116,-0.37983358500655184,-0.3080293816743168
2024-10-30,5813.669921875,0.9542989832031401,-1.0356274213150116,-0.37983358500655184,-0.3080293816743168
2024-10-31,5705.4501953125,0.9503935055110011,-1.0356274213150116,-0.37983358500655184,-0.3080293816743168
2024-11-01,5728.7998046875,0.9530660913829203,-1.0356274213150116,-0.37983358500655184,-0.3080293816743168
2024-11-04,5712.68994140625,0.941376121490113,-1.0356274213150116,-0.37983358500655184,-0.3080293816743168
2024-11-05,5782.759765625,0.9175631391263291,-1.0356274213150116,-0.37983358500655184,-0.3080293816743168
2024-11-06,5929.0400390625,0.9107445166574373,-1.0356274213150116,-0.37983358500655184,-0.3080293816743168
2024-11-07,5973.10009765625,0.9073230013248152,-1.0356274213150116,-0.37983358500655184,-0.3080293816743168
2024-11-08,5995.5400390625,0.9064437477861851,-1.0356274213150116,-0.37983358500655184,-0.3080293816743168
2024-11-11,6001.35009765625,0.9090657810387522,-1.0356274213150116,-0.37983358500655184,-0.3080293816743168
2024-11-12,5983.990234375,0.9088546707609381,-1.0356274213150116,-0.37983358500655184,-0.3080293816743168
2024-11-13,5985.3798828125,0.9143530004800609,-1.0356274213150116,-0.37983358500655184,-0.3080293816743168
2024-11-14,5949.169921875,0.9264256510292577,-1.0356274213150116,-0.37983358500655184,-0.3080293816743168
2024-11-15,5870.6201171875,0.9227960872821008,-1.0356274213150116,-0.37983358500655184,-0.3080293816743168
2024-11-18,5893.6201171875,0.9191385067147416,-1.0356274213150116,-0.37983358500655184,-0.3080293816743168
2024-11-19,5916.97998046875,0.9191183308320121,-1.0356274213150116,-0.37983358500655184,-0.3080293816743168
2024-11-20,5917.10986328125,0.9142098147403006,-1.0356274213150116,-0.37983358500655184,-0.3080293816743168
2024-11-21,5948.7099609375,0.9110393725020093,-1.0356274213150116,-0.37983358500655184,-0.3080293816743168
2024-11-22,5969.33984375,0.908287596022453,-1.0356274213150116,-0.37983358500655184,-0.3080293816743168
2024-11-25,5987.3701171875,0.908287596022453,-1.0356274213150116,-0.37983358500655184,-0.3080293816743168
2024-11-26,6021.6298828125,0.9117402133594216,-1.0356274213150116,-0.37983358500655184,-0.3080293816743168
2024-11-27,5998.740234375,0.9117402133594216,-1.0356274213150116,-0.37983358500655184,-0.3080293816743168
2024-11-29,6032.3798828125,0.9095078571408844,-1.0356274213150116,-0.37983358500655184,-0.3080293816743168
2024-12-02,6047.14990234375,0.9090972606245856,-1.0356274213150116,-0.37983358500655184,-0.3080293816743168
2024-12-03,6049.8798828125,0.9035959331727934,-1.0356274213150116,-0.37983358500655184,-0.3080293816743168
2024-12-04,6086.490234375,0.9052854548233585,-1.0356274213150116,-0.37983358500655184,-0.3080293816743168
2024-12-05,6075.10986328125,0.903026356759344,-1.0356274213150116,-0.37983358500655184,-0.3080293816743168
2024-12-06,6090.27001953125,0.9085747438711164,-1.0356274213150116,-0.37983358500655184,-0.3080293816743168
2024-12-09,6052.85009765625,0.9112676533909834,-1.0356274213150116,-0.37983358500655184,-0.3080293816743168
2024-12-10,6034.91015625,0.9038264367088823,-1.0356274213150116,-0.37983358500655184,-0.3080293816743168
2024-12-11,6084.18994140625,0.9087197733930407,-1.0356274213150116,-0.37983358500655184,-0.3080293816743168
2024-12-12,6051.25,0.9087438241513216,-1.0356274213150116,-0.37983358500655184,-0.3080293816743168
2024-12-13,6051.08984375,0.9052911843755858,-1.0356274213150116,-0.37983358500655184,-0.3080293816743168
2024-12-16,6074.080078125,0.9087892249507336,-1.0356274213150116,-0.37983358500655184,-0.3080293816743168
2024-12-17,6050.60986328125,0.9355920058987053,-1.0356274213150116,-0.37983358500655184,-0.3080293816743168
2024-12-18,5872.16015625,0.9364013980732275,-1.0356274213150116,-0.37983358500655184,-0.3080293816743168
2024-12-19,5867.080078125,0.9262235353910578,-1.0356274213150116,-0.37983358500655184,-0.3080293816743168
2024-12-20,5930.85009765625,0.9262235353910578,-1.0356274213150116,-0.37983358500655184,-0.3080293816743168
2024-12-23,5974.06982421875,0.915995471884099,-1.0356274213150116,-0.37983358500655184,-0.3080293816743168
2024-12-24,6040.0400390625,0.9163670534952335,-1.0356274213150116,-0.37983358500655184,-0.3080293816743168
2024-12-26,6037.58984375,0.9264981657994878,-1.0356274213150116,-0.37983358500655184,-0.3080293816743168
2024-12-27,5970.83984375,0.9364135451768667,-1.0356274213150116,-0.37983358500655184,-0.3080293816743168
2024-12-30,5906.93994140625,0.940425890300771,-1.0356274213150116,-0.37983358500655184,-0.3080293816743168
2024-12-31,5881.6298828125,0.9425172908730466,-1.0356274213150116,-0.37983358500655184,-0.3080293816743168
2025-01-02,5868.5498046875,0.9306453179043375,-1.0356274213150116,-0.37983358500655184,-0.3080293816743168
2025-01-03,5942.47021484375,0.9254913621807581,-1.0356274213150116,-0.37983358500655184,-0.3080293816743168
2025-01-06,5975.3798828125,0.9357679376284527,-1.0356274213150116,-0.37983358500655184,-0.3080293816743168
2025-01-07,5909.02978515625,0.9343078025921933,-1.0356274213150116,-0.37983358500655184,-0.3080293816743168
2025-01-08,5918.25,0.9487070216327584,-1.0356274213150116,-0.37983358500655184,-0.3080293816743168
2025-01-10,5827.0400390625,0.9472123867656681,-1.0356274213150116,-0.37983358500655184,-0.3080293816743168
2025-01-13,5836.22021484375,0.9461266163309046,-1.0356274213150116,-0.37983358500655184,-0.3080293816743168
2025-01-14,5842.91015625,0.9288003961541117,-1.0356274213150116,-0.37983358500655184,-0.3080293816743168
2025-01-15,5949.91015625,0.9307626629632915,-1.0356274213150116,-0.37983358500655184,-0.3080293816743168
2025-01-16,5937.33984375,0.9214633583211436,-1.0356274213150116,-0.37983358500655184,-0.3080293816743168
2025-01-17,5996.66015625,0.913383758334679,-1.0356274213150116,-0.37983358500655184,-0.3080293816743168
2025-01-21,6049.240234375,0.9077774622448063,-1.0356274213150116,-0.37983358500655184,-0.3080293816743168
2025-01-22,6086.3701171875,0.9029539992132819,-1.0356274213150116,-0.37983358500655184,-0.3080293816743168
2025-01-23,6118.7099609375,0.9055320523565111,-1.0356274213150116,-0.37983358500655184,-0.3080293816743168
2025-01-24,6101.240234375,0.918735357746256,-1.0356274213150116,-0.37983358500655184,-0.3080293816743168
2025-01-27,6012.27978515625,0.9102665751686996,-1.0356274213150116,-0.37983358500655184,-0.3080293816743168
2025-01-28,6067.7001953125,0.9145256175833401,-1.0356274213150116,-0.37983358500655184,-0.3080293816743168
2025-01-29,6039.31005859375,0.9097011159715898,-1.0356274213150116,-0.37983358500655184,-0.3080293816743168
2025-01-30,6071.169921875,0.914292218987089,-1.0356274213150116,-0.37983358500655184,-0.3080293816743168
2025-01-31,6040.52978515625,0.9212487006399744,-1.0356274213150116,-0.37983358500655184,-0.3080293816743168
2025-02-03,5994.56982421875,0.9145927876502508,-1.0356274213150116,-0.37983358500655184,-0.3080293816743168
2025-02-04,6037.8798828125,0.9110179435825357,-1.0356274213150116,-0.37983358500655184,-0.3080293816743168
2025-02-05,6061.47998046875,0.9076979220580996,-1.0356274213150116,-0.37983358500655184,-0.3080293816743168
2025-02-06,6083.56982421875,0.91628907421164,-1.0356274213150116,-0.37983358500655184,-0.3080293816743168
2025-02-07,6025.990234375,0.9101384461611798,-1.0356274213150116,-0.37983358500655184,-0.3080293816743168
2025-02-10,6066.43994140625,0.9098293788097239,-1.0356274213150116,-0.37983358500655184,-0.3080293816743168
2025-02-11,6068.5,0.9123076327677102,-1.0356274213150116,-0.37983358500655184,-0.3080293816743168
2025-02-12,6051.97021484375,0.9027956468935596,-1.0356274213150116,-0.37983358500655184,-0.3080293816743168
2025-02-13,6115.06982421875,0.9028605974497149,-1.0356274213150116,-0.37983358500655184,-0.3080293816743168
2025-02-14,6114.6298828125,0.900653114328811,-1.0356274213150116,-0.37983358500655184,-0.3080293816743168
2025-02-18,6129.580078125,0.8985122894474947,-1.0356274213150116,-0.37983358500655184,-0.3080293816743168
2025-02-19,6144.14990234375,0.8946179708961488,-1.0356274213150116,-0.37983358500655184,-0.3080293816743168
2025-02-20,6117.52001953125,0.9098838452848468,-1.0356274213150116,-0.37983358500655184,-0.3080293816743168
2025-02-21,6013.1298828125,0.9144051550137333,-1.0356274213150116,-0.37983358500655184,-0.3080293816743168
2025-02-24,5983.25,0.9186843250822386,-1.0356274213150116,-0.37983358500655184,-0.3080293816743168
2025-02-25,5955.25,0.9185593617084649,-1.0356274213150116,-0.37983358500655184,-0.3080293816743168
2025-02-26,5956.06005859375,0.9331318959721953,-1.0356274213150116,-0.37983358500655184,-0.3080293816743168
2025-02-27,5861.56982421875,0.918337887945785,-1.0356274213150116,-0.37983358500655184,-0.3080293816743168
2025-02-28,5954.5,0.934497640485045,-1.0356274213150116,-0.37983358500655184,-0.3080293816743168
2025-03-03,5849.72021484375,0.9459310570643102,-1.0356274213150116,-0.37983358500655184,-0.3080293816743168
2025-03-04,5778.14990234375,0.9353751495418919,-1.0356274213150116,-0.37983358500655184,-0.3080293816743168
2025-03-05,5842.6298828125,0.9520426059415942,-1.0356274213150116,-0.37983358500655184,-0.3080293816743168
2025-03-06,5738.52001953125,0.946786742587779,-1.0356274213150116,-0.37983358500655184,-0.3080293816743168
2025-03-07,5770.2001953125,0.9723245078153928,-1.0356274213150116,-0.37983358500655184,-0.3080293816743168
2025-03-10,5614.56005859375,0.9796829287338592,-1.0356274213150116,-0.37983358500655184,-0.3080293816743168
2025-03-11,5572.06982421875,0.9748953456939246,-1.0356274213150116,-0.37983358500655184,-0.3080293816743168
2025-03-12,5599.2998046875,0.988437601530385,-1.0356274213150116,-0.37983358500655184,-0.3080293816743168
2025-03-13,5521.52001953125,0.9674176169207043,-1.0356274213150116,-0.37983358500655184,-0.3080293816743168
2025-03-14,5638.93994140625,0.9612105390369912,-1.0356274213150116,-0.37983358500655184,-0.3080293816743168
2025-03-17,5675.1201171875,0.9714508071515683,-1.0356274213150116,-0.37983358500655184,-0.3080293816743168
2025-03-18,5614.66015625,0.960960599926913,-1.0356274213150116,-0.37983358500655184,-0.3080293816743168
2025-03-19,5675.2900390625,0.9630601961591532,-1.0356274213150116,-0.37983358500655184,-0.3080293816743168
2025-03-20,5662.89013671875,0.962266005248905,-1.0356274213150116,-0.37983358500655184,-0.3080293816743168
2025-03-21,5667.56005859375,0.9452858591968283,-1.0356274213150116,-0.37983358500655184,-0.3080293816743168
2025-03-24,5767.56982421875,0.9437976640462741,-1.0356274213150116,-0.37983358500655184,-0.3080293816743168
2025-03-25,5776.64990234375,0.954327553153009,-1.0356274213150116,-0.37983358500655184,-0.3080293816743168
2025-03-26,5712.2001953125,0.9574834961028785,-1.0356274213150116,-0.37983358500655184,-0.3080293816743168
2025-03-27,5693.31005859375,0.9763815591703205,-1.0356274213150116,-0.37983358500655184,-0.3080293816743168
2025-03-28,5580.93994140625,0.9709738488492059,-1.0356274213150116,-0.37983358500655184,-0.3080293816743168
2025-03-31,5611.85009765625,0.9673023681089589,-1.0356274213150116,-0.37983358500655184,-0.3080293816743168
2025-04-01,5633.06982421875,0.9607941694340025,-1.0356274213150116,-0.37983358500655184,-0.3080293816743168
2025-04-02,5670.97021484375,1.007292411743866,-1.0356274213150116,-0.37983358500655184,-0.3080293816743168
2025-04-03,5396.52001953125,1.0674777357533607,-1.0356274213150116,-0.37983358500655184,-0.3080293816743168
2025-04-04,5074.080078125,1.0699665307278965,-1.0356274213150116,-0.37983358500655184,-0.3080293816743168
2025-04-07,5062.25,1.0867655665094145,-1.0356274213150116,-0.37983358500655184,-0.3080293816743168
2025-04-08,4982.77001953125,0.9833556101598512,-1.0356274213150116,-0.37983358500655184,-0.3080293816743168
2025-04-09,5456.89990234375,1.0173871676639386,-1.0356274213150116,-0.37983358500655184,-0.3080293816743168
2025-04-10,5268.0498046875,0.9989805021876578,-1.0356274213150116,-0.37983358500655184,-0.3080293816743168
2025-04-11,5363.35986328125,0.9910438894216357,-1.0356274213150116,-0.37983358500655184,-0.3080293816743168
2025-04-14,5405.97021484375,0.9927561961135931,-1.0356274213150116,-0.37983358500655184,-0.3080293816743168
2025-04-15,5396.6298828125,1.0150022457863952,-1.0356274213150116,-0.37983358500655184,-0.3080293816743168
2025-04-16,5275.7001953125,1.0136555021409133,-1.0356274213150116,-0.37983358500655184,-0.3080293816743168
2025-04-17,5282.7001953125,1.0375448210926164,-1.0356274213150116,-0.37983358500655184,-0.3080293816743168
2025-04-21,5158.2001953125,1.0114845954361333,-1.0356274213150116,-0.37983358500655184,-0.3080293816743168
2025-04-22,5287.759765625,0.9946321105469899,-1.0356274213150116,-0.37983358500655184,-0.3080293816743168
2025-04-23,5375.85986328125,0.9744817455417698,-1.0356274213150116,-0.37983358500655184,-0.3080293816743168
2025-04-24,5484.77001953125,0.9672967615751864,-1.0356274213150116,-0.37983358500655184,-0.3080293816743168
2025-04-25,5525.2099609375,0.9666770080560125,-1.0356274213150116,-0.37983358500655184,-0.3080293816743168
2025-04-28,5528.75,0.9610679510525311,-1.0356274213150116,-0.37983358500655184,-0.3080293816743168
2025-04-29,5560.830078125,0.9596455787903057,-1.0356274213150116,-0.37983358500655184,-0.3080293816743168
2025-04-30,5569.06005859375,0.9536006732789625,-1.0356274213150116,-0.37983358500655184,-0.3080293816743168
2025-05-01,5604.14013671875,0.9395574022885768,-1.0356274213150116,-0.37983358500655184,-0.3080293816743168
2025-05-02,5686.669921875,0.9455532795353049,-1.0356274213150116,-0.37983358500655184,-0.3080293816743168
2025-05-05,5650.3798828125,0.9528276475106748,-1.0356274213150116,-0.37983358500655184,-0.3080293816743168
2025-05-06,5606.91015625,0.948686319130159,-1.0356274213150116,-0.37983358500655184,-0.3080293816743168
2025-05-07,5631.27978515625,0.9431841518494565,-1.0356274213150116,-0.37983358500655184,-0.3080293816743168
2025-05-08,5663.93994140625,0.943855209369491,-1.0356274213150116,-0.37983358500655184,-0.3080293816743168
2025-05-09,5659.91015625,0.9131244326936687,-1.0356274213150116,-0.37983358500655184,-0.3080293816743168
2025-05-12,5844.18994140625,0.9065059232897794,-1.0356274213150116,-0.37983358500655184,-0.3080293816743168
2025-05-13,5886.5498046875,0.9055772844834336,-1.0356274213150116,-0.37983358500655184,-0.3080293816743168
2025-05-14,5892.580078125,0.9018351384292862,-1.0356274213150116,-0.37983358500655184,-0.3080293816743168
2025-05-15,5916.93017578125,0.8955175377264867,-1.0356274213150116,-0.37983358500655184,-0.3080293816743168
2025-05-16,5958.3798828125,0.8955175377264867,-1.0356274213150116,-0.37983358500655184,-0.3080293816743168
2025-05-19,5963.60009765625,0.8989923512442531,-1.0356274213150116,-0.37983358500655184,-0.3080293816743168
2025-05-20,5940.4599609375,0.9134977102786964,-1.0356274213150116,-0.37983358500655184,-0.3080293816743168
2025-05-21,5844.60986328125,0.9139040989527818,-1.0356274213150116,-0.37983358500655184,-0.3080293816743168
2025-05-22,5842.009765625,0.9077733580799326,-1.0356274213150116,-0.37983358500655184,-0.3080293816743168
2025-05-23,5802.81982421875,0.8892011722725832,-1.0356274213150116,-0.37983358500655184,-0.3080293816743168
2025-05-27,5921.5400390625,0.8941551124390422,-1.0356274213150116,-0.37983358500655184,-0.3080293816743168
2025-05-28,5888.5498046875,0.8905684825867856,-1.0356274213150116,-0.37983358500655184,-0.3080293816743168
2025-05-29,5912.169921875,0.8906407835326132,-1.0356274213150116,-0.37983358500655184,-0.3080293816743168
2025-05-30,5911.68994140625,0.8869873377006285,-1.0356274213150116,-0.37983358500655184,-0.3080293816743168
2025-06-02,5935.93994140625,0.881842553518208,-1.0356274213150116,-0.37983358500655184,-0.3080293816743168
2025-06-03,5970.3701171875,0.881777572780828,-1.0356274213150116,-0.37983358500655184,-0.3080293816743168
2025-06-04,5970.81005859375,0.8864310511033647,-1.0356274213150116,-0.37983358500655184,-0.3080293816743168
2025-06-05,5939.2998046875,0.8773179344669705,-1.0356274213150116,-0.37983358500655184,-0.3080293816743168
2025-06-06,6000.35986328125,0.8765108475191544,-1.0356274213150116,-0.37983358500655184,-0.3080293816743168
2025-06-09,6005.8798828125,0.8717049478319747,-1.0356274213150116,-0.37983358500655184,-0.3080293816743168
2025-06-10,6038.81005859375,0.874096809407264,-1.0356274213150116,-0.37983358500655184,-0.3080293816743168
2025-06-11,6022.240234375,0.870755644323579,-1.0356274213150116,-0.37983358500655184,-0.3080293816743168
2025-06-12,6045.259765625,0.8805920308525635,-1.0356274213150116,-0.37983358500655184,-0.3080293816743168
2025-06-13,5976.97021484375,0.8723209294088901,-1.0356274213150116,-0.37983358500655184,-0.3080293816743168
2025-06-16,6033.10986328125,0.8796067149992906,-1.0356274213150116,-0.37983358500655184,-0.3080293816743168
2025-06-17,5982.72021484375,0.8798787247643393,-1.0356274213150116,-0.37983358500655184,-0.3080293816743168
2025-06-18,5980.8701171875,0.8817956800129644,-1.0356274213150116,-0.37983358500655184,-0.3080293816743168
2025-06-20,5967.83984375,0.8902666538480017,-1.0356274213150116,-0.37983358500655184,-0.3080293816743168
2025-06-23,6025.169921875,0.8803653572497064,-1.0356274213150116,-0.37983358500655184,-0.3080293816743168
2025-06-24,6092.18017578125,0.880368250220901,-1.0356274213150116,-0.37983358500655184,-0.3080293816743168
2025-06-25,6092.16015625,0.8733075900952875,-1.0356274213150116,-0.37983358500655184,-0.3080293816743168
2025-06-26,6141.02001953125,0.8687498232139557,-1.0356274213150116,-0.37983358500655184,-0.3080293816743168
2025-06-27,6173.06982421875,0.8642632278070561,-1.0356274213150116,-0.37983358500655184,-0.3080293816743168
2025-06-30,6204.9501953125,0.8652299330936959,-1.0356274213150116,-0.37983358500655184,-0.3080293816743168
2025-07-01,6198.009765625,0.8611243333193647,-1.0356274213150116,-0.37983358500655184,-0.3080293816743168
2025-07-02,6227.419921875,0.8539434560848339,-1.0356274213150116,-0.37983358500655184,-0.3080293816743168
2025-07-03,6279.35009765625,0.8606574133882773,-1.0356274213150116,-0.37983358500655184,-0.3080293816743168
2025-07-07,6229.97998046875,0.8612735467389229,-1.0356274213150116,-0.37983358500655184,-0.3080293816743168
2025-07-08,6225.52001953125,0.8560524174466749,-1.0356274213150116,-0.37983358500655184,-0.3080293816743168
2025-07-09,6263.259765625,0.8537015220165617,-1.0356274213150116,-0.37983358500655184,-0.3080293816743168
2025-07-10,6280.4599609375,0.8565166223854045,-1.0356274213150116,-0.37983358500655184,-0.3080293816743168
2025-07-11,6259.75,0.8553111490644371,-1.0356274213150116,-0.37983358500655184,-0.3080293816743168
2025-07-14,6268.56005859375,0.8586950150325641,-1.0356274213150116,-0.37983358500655184,-0.3080293816743168
2025-07-15,6243.759765625,0.8559526373317767,-1.0356274213150116,-0.37983358500655184,-0.3080293816743168
2025-07-16,6263.7001953125,0.851352946951087,-1.0356274213150116,-0.37983358500655184,-0.3080293816743168
2025-07-17,6297.35986328125,0.8514299826514183,-1.0356274213150116,-0.37983358500655184,-0.3080293816743168
2025-07-18,6296.7900390625,0.85023871726377,-1.0356274213150116,-0.37983358500655184,-0.3080293816743168
2025-07-21,6305.60009765625,0.8496966631860184,-1.0356274213150116,-0.37983358500655184,-0.3080293816743168
2025-07-22,6309.6201171875,0.8430589289179381,-1.0356274213150116,-0.37983358500655184,-0.3080293816743168
2025-07-23,6358.91015625,0.842470285243158,-1.0356274213150116,-0.37983358500655184,-0.3080293816743168
2025-07-24,6363.35009765625,0.8391220321892593,-1.0356274213150116,-0.37983358500655184,-0.3080293816743168
2025-07-25,6388.64013671875,0.8389736266537554,-1.0356274213150116,-0.37983358500655184,-0.3080293816743168
2025-07-28,6389.77001953125,0.8414565207645368,-1.0356274213150116,-0.37983358500655184,-0.3080293816743168
2025-07-29,6370.85986328125,0.8425078640952125,-1.0356274213150116,-0.37983358500655184,-0.3080293816743168
2025-07-30,6362.89990234375,0.8456207784428501,-1.0356274213150116,-0.37983358500655184,-0.3080293816743168
2025-07-31,6339.39013671875,0.859144058501792,-1.0356274213150116,-0.37983358500655184,-0.3080293816743168
2025-08-01,6238.009765625,0.8464827663276777,-1.0356274213150116,-0.37983358500655184,-0.3080293816743168
2025-08-04,6329.93994140625,0.85059486616982,-1.0356274213150116,-0.37983358500655184,-0.3080293816743168
2025-08-05,6299.18994140625,0.8444009132159717,-1.0356274213150116,-0.37983358500655184,-0.3080293816743168
2025-08-06,6345.06005859375,0.8450743060685172,-1.0356274213150116,-0.37983358500655184,-0.3080293816743168
2025-08-07,6340.0,0.8384829670402502,-1.0356274213150116,-0.37983358500655184,-0.3080293816743168
2025-08-08,6389.4501953125,0.8405826355636055,-1.0356274213150116,-0.37983358500655184,-0.3080293816743168
2025-08-11,6373.4501953125,0.8310458592093873,-1.0356274213150116,-0.37983358500655184,-0.3080293816743168
2025-08-12,6445.759765625,0.8283615155324753,-1.0356274213150116,-0.37983358500655184,-0.3080293816743168
2025-08-13,6466.580078125,0.828110446777276,-1.0356274213150116,-0.37983358500655184,-0.3080293816743168
2025-08-14,6468.5400390625,0.8305095946141193,-1.0356274213150116,-0.37983358500655184,-0.3080293816743168
2025-08-15,6449.7998046875,0.8305932794024447,-1.0356274213150116,-0.37983358500655184,-0.3080293816743168
2025-08-18,6449.14990234375,0.8354589804770723,-1.0356274213150116,-0.37983358500655184,-0.3080293816743168
2025-08-19,6411.3701171875,0.8374905404479466,-1.0356274213150116,-0.37983358500655184,-0.3080293816743168
2025-08-20,6395.77978515625,0.840844004596975,-1.0356274213150116,-0.37983358500655184,-0.3080293816743168
2025-08-21,6370.169921875,0.828074573486283,-1.0356274213150116,-0.37983358500655184,-0.3080293816743168
2025-08-22,6466.91015625,0.8316074588750575,-1.0356274213150116,-0.37983358500655184,-0.3080293816743168
2025-08-25,6439.31982421875,0.82816959764329,-1.0356274213150116,-0.37983358500655184,-0.3080293816743168
2025-08-26,6465.93994140625,0.8261894571332088,-1.0356274213150116,-0.37983358500655184,-0.3080293816743168
2025-08-27,6481.39990234375,0.8235814088328182,-1.0356274213150116,-0.37983358500655184,-0.3080293816743168
2025-08-28,6501.85986328125,0.8288508344608918,-1.0356274213150116,-0.37983358500655184,-0.3080293816743168
2025-08-29,6460.259765625,0.834588371956009,-1.0356274213150116,-0.37983358500655184,-0.3080293816743168
2025-09-02,6415.5400390625,0.8388448340969441,-1.0356274213150116,-0.37983358500655184,-0.3080293816743168
2025-09-03,6448.259765625,0.8318434270976539,-1.0356274213150116,-0.37983358500655184,-0.3080293816743168
2025-09-04,6502.080078125,0.8344763387953201,-1.0356274213150116,-0.37983358500655184,-0.3080293816743168
2025-09-05,6481.5,0.8327189492220614,-1.0356274213150116,-0.37983358500655184,-0.3080293816743168
2025-09-08,6495.14990234375,0.830480472739382,-1.0356274213150116,-0.37983358500655184,-0.3080293816743168
2025-09-09,6512.60986328125,0.8280027592132316,-1.0356274213150116,-0.37983358500655184,-0.3080293816743168
2025-09-10,6532.0400390625,0.8209764185661056,-1.0356274213150116,-0.37983358500655184,-0.3080293816743168
2025-09-11,6587.47021484375,0.8213727542207608,-1.0356274213150116,-0.37983358500655184,-0.3080293816743168
2025-09-12,6584.2900390625,0.8175068654279488,-1.0356274213150116,-0.37983358500655184,-0.3080293816743168
2025-09-15,6615.27978515625,0.8185597573203652,-1.0356274213150116,-0.37983358500655184,-0.3080293816743168
2025-09-16,6606.759765625,0.8193538979334223,-1.0356274213150116,-0.37983358500655184,-0.3080293816743168
2025-09-17,6600.35009765625,0.8154299144662086,-1.0356274213150116,-0.37983358500655184,-0.3080293816743168
2025-09-18,6631.9599609375,0.8114461977791219,-1.0356274213150116,-0.37983358500655184,-0.3080293816743168
2025-09-19,6664.35986328125,0.8078676823399051,-1.0356274213150116,-0.37983358500655184,-0.3080293816743168
2025-09-22,6693.75,0.8123126989327584,-1.0356274213150116,-0.37983358500655184,-0.3080293816743168
2025-09-23,6656.919921875,0.81462504275306,-1.0356274213150116,-0.37983358500655184,-0.3080293816743168
2025-09-24,6637.97021484375,0.8187055495588482,-1.0356274213150116,-0.37983358500655184,-0.3080293816743168
2025-09-25,6604.72021484375,0.8138736830672506,-1.0356274213150116,-0.37983358500655184,-0.3080293816743168
2025-09-26,6643.7001953125,0.8117286829916288,-1.0356274213150116,-0.37983358500655184,-0.3080293816743168
2025-09-29,6661.2099609375,0.808408024025167,-1.0356274213150116,-0.37983358500655184,-0.3080293816743168
2025-09-30,6688.4599609375,0.8056595007445333,-1.0356274213150116,-0.37983358500655184,-0.3080293816743168
2025-10-01,6711.2001953125,0.8051613173870186,-1.0356274213150116,-0.37983358500655184,-0.3080293816743168
2025-10-02,6715.35009765625,0.8051085690125276,-1.0356274213150116,-0.37983358500655184,-0.3080293816743168
2025-10-03,6715.7900390625,0.8021726665656306,-1.0356274213150116,-0.37983358500655184,-0.3080293816743168
2025-10-06,6740.27978515625,0.8052300721085666,-1.0356274213150116,-0.37983358500655184,-0.3080293816743168
2025-10-07,6714.58984375,0.800537462100875,-1.0356274213150116,-0.37983358500655184,-0.3080293816743168
2025-10-08,6753.72021484375,0.8027433994385358,-1.0356274213150116,-0.37983358500655184,-0.3080293816743168
2025-10-09,6735.10986328125,0.824507116129621,-1.0356274213150116,-0.37983358500655184,-0.3080293816743168
2025-10-10,6552.509765625,0.8116459002542081,-1.0356274213150116,-0.37983358500655184,-0.3080293816743168
2025-10-13,6654.72021484375,0.8129155795732667,-1.0356274213150116,-0.37983358500655184,-0.3080293816743168
2025-10-14,6644.31005859375,0.8096427805113522,-1.0356274213150116,-0.37983358500655184,-0.3080293816743168
2025-10-15,6671.06005859375,0.8147389855781785,-1.0356274213150116,-0.37983358500655184,-0.3080293816743168
2025-10-16,6629.06982421875,0.8104447281427615,-1.0356274213150116,-0.37983358500655184,-0.3080293816743168
2025-10-17,6664.009765625,0.8017954425031,-1.0356274213150116,-0.37983358500655184,-0.3080293816743168
2025-10-20,6735.1298828125,0.8017692266377874,-1.0356274213150116,-0.37983358500655184,-0.3080293816743168
2025-10-21,6735.35009765625,0.8060487013257118,-1.0356274213150116,-0.37983358500655184,-0.3080293816743168
2025-10-22,6699.39990234375,0.8013515384147496,-1.0356274213150116,-0.37983358500655184,-0.3080293816743168
2025-10-23,6738.43994140625,0.7950189199246558,-1.0356274213150116,-0.37983358500655184,-0.3080293816743168
2025-10-24,6791.68994140625,0.7852480969719008,-1.0356274213150116,-0.37983358500655184,-0.3080293816743168
2025-10-27,6875.16015625,0.7834514934118321,-1.0356274213150116,-0.37983358500655184,-0.3080293816743168
2025-10-28,6890.89013671875,0.7834856348608844,-1.0356274213150116,-0.37983358500655184,-0.3080293816743168
2025-10-29,6890.58984375,0.7912459131133345,-1.0356274213150116,-0.37983358500655184,-0.3080293816743168
2025-10-30,6822.33984375,0.789174493265248,-1.0356274213150116,-0.37983358500655184,-0.3080293816743168
2025-10-31,6840.2001953125,0.7878165506725895,-1.0356274213150116,-0.37983358500655184,-0.3080293816743168
2025-11-03,6851.97021484375,0.7970630196539197,-1.0356274213150116,-0.37983358500655184,-0.3080293816743168
2025-11-04,6771.5498046875,0.7941509055202405,-1.0356274213150116,-0.37983358500655184,-0.3080293816743168
2025-11-05,6796.2900390625,0.8030280744591758,-1.0356274213150116,-0.37983358500655184,-0.3080293816743168
2025-11-06,6720.31982421875,0.8020147800688923,-1.0356274213150116,-0.37983358500655184,-0.3080293816743168
2025-11-07,6728.7998046875,0.7896629355215657,-1.0356274213150116,-0.37983358500655184,-0.3080293816743168
2025-11-10,6832.43017578125,0.7880241081418818,-1.0356274213150116,-0.37983358500655184,-0.3080293816743168
2025-11-11,6846.60986328125,0.7875280334212694,-1.0356274213150116,-0.37983358500655184,-0.3080293816743168
2025-11-12,6850.919921875,0.8005670208322603,-1.0356274213150116,-0.37983358500655184,-0.3080293816743168
2025-11-13,6737.490234375,0.8009686857725139,-1.0356274213150116,-0.37983358500655184,-0.3080293816743168
2025-11-14,6734.10986328125,0.8083073740616874,-1.0356274213150116,-0.37983358500655184,-0.3080293816743168
2025-11-17,6672.41015625,0.8149811127142139,-1.0356274213150116,-0.37983358500655184,-0.3080293816743168
2025-11-18,6617.31982421875,0.8119218074438105,-1.0356274213150116,-0.37983358500655184,-0.3080293816743168
2025-11-19,6642.16015625,0.824561224435924,-1.0356274213150116,-0.37983358500655184,-0.3080293816743168
2025-11-20,6538.759765625,0.8164615303360139,-1.0356274213150116,-0.37983358500655184,-0.3080293816743168
2025-11-21,6602.990234375,0.8038331426885658,-1.0356274213150116,-0.37983358500655184,-0.3080293816743168
2025-11-24,6705.1201171875,0.8038331426885658,-1.0356274213150116,-0.37983358500655184,-0.3080293816743168
2025-11-25,6765.8798828125,0.7982812990759319,-1.0356274213150116,-0.37983358500655184,-0.3080293816743168
2025-11-26,6812.60986328125,0.7940066838041347,-1.0356274213150116,-0.37983358500655184,-0.3080293816743168
2025-11-28,6849.08984375,0.798233442877177,-1.0356274213150116,-0.37983358500655184,-0.3080293816743168
2025-12-01,6812.6298828125,0.796271995516489,-1.0356274213150116,-0.37983358500655184,-0.3080293816743168
2025-12-02,6829.3701171875,0.7938992711551945,-1.0356274213150116,-0.37983358500655184,-0.3080293816743168
2025-12-03,6849.72021484375,0.7930416044351449,-1.0356274213150116,-0.37983358500655184,-0.3080293816743168
2025-12-04,6857.1201171875,0.7915057669503691,-1.0356274213150116,-0.37983358500655184,-0.3080293816743168
2025-12-05,6870.39990234375,0.7942580348286601,-1.0356274213150116,-0.37983358500655184,-0.3080293816743168
2025-12-08,6846.509765625,0.7949540899525276,-1.0356274213150116,-0.37983358500655184,-0.3080293816743168
2025-12-09,6840.509765625,0.7895885020650915,-1.0356274213150116,-0.37983358500655184,-0.3080293816743168
2025-12-10,6886.68017578125,0.7879466705509518,-1.0356274213150116,-0.37983358500655184,-0.3080293816743168
2025-12-11,6901.0,0.7963490574942336,-1.0356274213150116,-0.37983358500655184,-0.3080293816743168
2025-12-12,6827.41015625,0.7976204789543447,-1.0356274213150116,-0.37983358500655184,-0.3080293816743168
2025-12-15,6816.509765625,0.7995219407305929,-1.0356274213150116,-0.37983358500655184,-0.3080293816743168
2025-12-16,6800.259765625,0.8087901141169445,-1.0356274213150116,-0.37983358500655184,-0.3080293816743168
2025-12-17,6721.43017578125,0.8023729612381386,-1.0356274213150116,-0.37983358500655184,-0.3080293816743168
2025-12-18,6774.759765625,0.7952975887734197,-1.0356274213150116,-0.37983358500655184,-0.3080293816743168
2025-12-19,6834.5,0.790178658744299,-1.0356274213150116,-0.37983358500655184,-0.3080293816743168
2025-12-22,6878.490234375,0.7865830386572009,-1.0356274213150116,-0.37983358500655184,-0.3080293816743168
2025-12-23,6909.7900390625,0.7840490754016075,-1.0356274213150116,-0.37983358500655184,-0.3080293816743168
2025-12-24,6932.0498046875,0.7842877113605786,-1.0356274213150116,-0.37983358500655184,-0.3080293816743168
2025-12-26,6929.93994140625,0.787026484420578,-1.0356274213150116,-0.37983358500655184,-0.3080293816743168
2025-12-29,6905.740234375,0.7881091709014969,-1.0356274213150116,-0.37983358500655184,-0.3080293816743168
2025-12-30,6896.240234375,0.7939078151822689,-1.0356274213150116,-0.37983358500655184,-0.3080293816743168
2025-12-31,6845.5,0.7924035927126063,-1.0356274213150116,-0.37983358500655184,-0.3080293816743168
2026-01-02,6858.47021484375,0.7873685597627204,-1.0356274213150116,-0.37983358500655184,-0.3080293816743168
2026-01-05,6902.0498046875,0.7824894630321081,-1.0356274213150116,-0.37983358500655184,-0.3080293816743168
2026-01-06,6944.81982421875,0.7851811668670738,-1.0356274213150116,-0.37983358500655184,-0.3080293816743168
2026-01-07,6920.93017578125,0.7851210626157552,-1.0356274213150116,-0.37983358500655184,-0.3080293816743168
2026-01-08,6921.4599609375,0.780037021362804,-1.0356274213150116,-0.37983358500655184,-0.3080293816743168
2026-01-09,6966.27978515625,0.7788064090504432,-1.0356274213150116,-0.37983358500655184,-0.3080293816743168
2026-01-12,6977.27001953125,0.7803166105117221,-1.0356274213150116,-0.37983358500655184,-0.3080293816743168
2026-01-13,6963.740234375,0.7844783202518584,-1.0356274213150116,-0.37983358500655184,-0.3080293816743168
2026-01-14,6926.60009765625,0.7824544240692525,-1.0356274213150116,-0.37983358500655184,-0.3080293816743168
2026-01-15,6944.47021484375,0.7829569963479307,-1.0356274213150116,-0.37983358500655184,-0.3080293816743168
2026-01-16,6940.009765625,0.7991068608594425,-1.0356274213150116,-0.37983358500655184,-0.3080293816743168
2026-01-20,6796.85986328125,0.7898470172777371,-1.0356274213150116,-0.37983358500655184,-0.3080293816743168
2026-01-21,6875.6201171875,0.7855127300440716,-1.0356274213150116,-0.37983358500655184,-0.3080293816743168
2026-01-22,6913.35009765625,0.7852559696257477,-1.0356274213150116,-0.37983358500655184,-0.3080293816743168
2026-01-23,6915.60986328125,0.7813249130460019,-1.0356274213150116,-0.37983358500655184,-0.3080293816743168
2026-01-26,6950.22998046875,0.7781356258744193,-1.0356274213150116,-0.37983358500655184,-0.3080293816743168
2026-01-27,6978.60009765625,0.7781992174927024,-1.0356274213150116,-0.37983358500655184,-0.3080293816743168
2026-01-28,6978.02978515625,0.7792051421373491,-1.0356274213150116,-0.37983358500655184,-0.3080293816743168
2026-01-29,6969.009765625,0.7825572044386067,-1.0356274213150116,-0.37983358500655184,-0.3080293816743168
2026-01-30,6939.02978515625,0.7783382302935717,-1.0356274213150116,-0.37983358500655184,-0.3080293816743168
2026-02-02,6976.43994140625,0.7848793715569153,-1.0356274213150116,-0.37983358500655184,-0.3080293816743168
2026-02-03,6917.81005859375,0.7888605873234898,-1.0356274213150116,-0.37983358500655184,-0.3080293816743168
2026-02-04,6882.72021484375,0.7985249306472639,-1.0356274213150116,-0.37983358500655184,-0.3080293816743168
2026-02-05,6798.39990234375,0.7827973459751771,-1.0356274213150116,-0.37983358500655184,-0.3080293816743168
2026-02-06,6932.2998046875,0.7791251757481494,-1.0356274213150116,-0.37983358500655184,-0.3080293816743168
2026-02-09,6964.81982421875,0.7816991816974712,-1.0356274213150116,-0.37983358500655184,-0.3080293816743168
2026-02-10,6941.81005859375,0.7817374506185015,-1.0356274213150116,-0.37983358500655184,-0.3080293816743168
2026-02-11,6941.47021484375,0.7939802502976556,-1.0356274213150116,-0.37983358500655184,-0.3080293816743168
2026-02-12,6832.759765625,0.7935839833714948,-1.0356274213150116,-0.37983358500655184,-0.3080293816743168
2026-02-13,6836.169921875,0.7927655426898021,-1.0356274213150116,-0.37983358500655184,-0.3080293816743168
2026-02-17,6843.22021484375,0.7883529540743065,-1.0356274213150116,-0.37983358500655184,-0.3080293816743168
2026-02-18,6881.31005859375,0.79057778519342,-1.0356274213150116,-0.37983358500655184,-0.3080293816743168
2026-02-19,6861.89013671875,0.7850913929669746,-1.0356274213150116,-0.37983358500655184,-0.3080293816743168
2026-02-20,6909.509765625,0.7932450791462805,-1.0356274213150116,-0.37983358500655184,-0.3080293816743168
2026-02-23,6837.75,0.7871754739324307,-1.0356274213150116,-0.37983358500655184,-0.3080293816743168
2026-02-24,6890.06982421875,0.7807707343199176,-1.0356274213150116,-0.37983358500655184,-0.3080293816743168
2026-02-25,6946.1298828125,0.7849600225957194,-1.0356274213150116,-0.37983358500655184,-0.3080293816743168
2026-02-26,6908.85986328125,0.788366241071978,-1.0356274213150116,-0.37983358500655184,-0.3080293816743168
2026-02-27,6878.8798828125,0.7880521916470807,-1.0356274213150116,-0.37983358500655184,-0.3080293816743168
2026-03-02,6881.6201171875,0.7954945810405275,-1.0356274213150116,-0.37983358500655184,-0.3080293816743168
2026-03-03,6816.6298828125,0.7893246858882605,-1.0356274213150116,-0.37983358500655184,-0.3080293816743168
2026-03-04,6869.5,0.7937817694256084,-1.0356274213150116,-0.37983358500655184,-0.3080293816743168
2026-03-05,6830.7099609375,0.8043206478847353,-1.0356274213150116,-0.37983358500655184,-0.3080293816743168
2026-03-06,6740.02001953125,0.7976414393246792,-1.0356274213150116,-0.37983358500655184,-0.3080293816743168
2026-03-09,6795.990234375,0.7993444994229257,-1.0356274213150116,-0.37983358500655184,-0.3080293816743168
2026-03-10,6781.47998046875,0.800014031335413,-1.0356274213150116,-0.37983358500655184,-0.3080293816743168
2026-03-11,6775.7998046875,0.812196386190189,-1.0356274213150116,-0.37983358500655184,-0.3080293816743168
2026-03-12,6672.6201171875,0.8171175778728315,-1.0356274213150116,-0.37983358500655184,-0.3080293816743168
2026-03-13,6632.18994140625,0.8088394551717103,-1.0356274213150116,-0.37983358500655184,-0.3080293816743168
2026-03-16,6699.3798828125,0.8068220034194081,-1.0356274213150116,-0.37983358500655184,-0.3080293816743168
2026-03-17,6716.08984375,0.8178008885844671,-1.0356274213150116,-0.37983358500655184,-0.3080293816743168
2026-03-18,6624.7001953125,0.8200488578175658,-1.0356274213150116,-0.37983358500655184,-0.3080293816743168
2026-03-19,6606.490234375,0.8324629069535384,-1.0356274213150116,-0.37983358500655184,-0.3080293816743168
2026-03-20,6506.47998046875,0.8229285424128164,-1.0356274213150116,-0.37983358500655184,-0.3080293816743168
2026-03-23,6581.0,0.8260084137907315,-1.0356274213150116,-0.37983358500655184,-0.3080293816743168
2026-03-24,6556.3701171875,0.8215321714616455,-1.0356274213150116,-0.37983358500655184,-0.3080293816743168
2026-03-25,6591.89990234375,0.8358319020466171,-1.0356274213150116,-0.37983358500655184,-0.3080293816743168
2026-03-26,6477.16015625,0.8498085523058406,-1.0356274213150116,-0.37983358500655184,-0.3080293816743168
2026-03-27,6368.85009765625,0.853161683401709,-1.0356274213150116,-0.37983358500655184,-0.3080293816743168
2026-03-30,6343.72021484375,0.8283081105871679,-1.0356274213150116,-0.37983358500655184,-0.3080293816743168
2026-03-31,6528.52001953125,0.8223703700833813,-1.0356274213150116,-0.37983358500655184,-0.3080293816743168
2026-04-01,6575.31982421875,0.8214485949981075,-1.0356274213150116,-0.37983358500655184,-0.3080293816743168
2026-04-02,6582.68994140625,0.8178122207271636,-1.0356274213150116,-0.37983358500655184,-0.3080293816743168
2026-04-06,6611.830078125,0.818433143114372,-1.0356274213150116,-0.37983358500655184,-0.3080293816743168
2026-04-07,6616.85009765625,0.797905682118487,-1.0356274213150116,-0.37983358500655184,-0.3080293816743168
2026-04-08,6782.81005859375,0.7929825852918293,-1.0356274213150116,-0.37983358500655184,-0.3080293816743168
2026-04-09,6824.66015625,0.7938854126893585,-1.0356274213150116,-0.37983358500655184,-0.3080293816743168
2026-04-10,6816.89013671875,0.7858089981184424,-1.0356274213150116,-0.37983358500655184,-0.3080293816743168
2026-04-13,6886.240234375,0.7765499157171439,-1.0356274213150116,-0.37983358500655184,-0.3080293816743168
2026-04-14,6967.3798828125,0.7703563218327151,-1.0356274213150116,-0.37983358500655184,-0.3080293816743168
2026-04-15,7022.9501953125,0.7683457258578456,-1.0356274213150116,-0.37983358500655184,-0.3080293816743168
2026-04-16,7041.27978515625,0.7590944870723474,-1.0356274213150116,-0.37983358500655184,-0.3080293816743168
2026-04-17,7126.06005859375,0.7572921139103926,-1.0356274213150116,-0.37983358500655184,-0.3080293816743168
2026-04-20,7109.14013671875,0.7620995693022891,-1.0356274213150116,-0.37983358500655184,-0.3080293816743168
2026-04-21,7064.009765625,0.7541279436727236,-1.0356274213150116,-0.37983358500655184,-0.3080293816743168
2026-04-22,7137.89990234375,0.7572446551163151,-1.0356274213150116,-0.37983358500655184,-0.3080293816743168
2026-04-23,7108.39990234375,0.7512066211432162,-1.0356274213150116,-0.37983358500655184,-0.3080293816743168
2026-04-24,7165.080078125,0.7502808515675022,-1.0356274213150116,-0.37983358500655184,-0.3080293816743168
2026-04-27,7173.91015625,0.7539528552391801,-1.0356274213150116,-0.37983358500655184,-0.3080293816743168
2026-04-28,7138.7998046875,0.7542538121479784,-1.0356274213150116,-0.37983358500655184,-0.3080293816743168
2026-04-29,7135.9501953125,0.7465315806524119,-1.0356274213150116,-0.37983358500655184,-0.3080293816743168
2026-04-30,7209.009765625,0.7443454906606745,-1.0356274213150116,-0.37983358500655184,-0.3080293816743168
2026-05-01,7230.1201171875,0.7473691630070511,-1.0356274213150116,-0.37983358500655184,-0.3080293816743168
2026-05-04,7200.75,0.7413005124539634,-1.0356274213150116,-0.37983358500655184,-0.3080293816743168
2026-05-05,7259.22021484375,0.7304861757281231,-1.0356274213150116,-0.37983358500655184,-0.3080293816743168
2026-05-06,7365.1201171875,0.733264284286243,-1.0356274213150116,-0.37983358500655184,-0.3080293816743168
2026-05-07,7337.10986328125,0.7270860168236414,-1.0356274213150116,-0.37983358500655184,-0.3080293816743168
2026-05-08,7398.93017578125,0.72571912663485,-1.0356274213150116,-0.37983358500655184,-0.3080293816743168
2026-05-11,7412.83984375,0.726882170535576,-1.0356274213150116,-0.37983358500655184,-0.3080293816743168
2026-05-12,7400.9599609375,0.7226304575579201,-1.0356274213150116,-0.37983358500655184,-0.3080293816743168
2026-05-13,7444.25,0.7170982845269567,-1.0356274213150116,-0.37983358500655184,-0.3080293816743168
2026-05-14,7501.240234375,0.7259640001694769,-1.0356274213150116,-0.37983358500655184,-0.3080293816743168
2026-05-15,7408.5,0.7264980685484088,-1.0356274213150116,-0.37983358500655184,-0.3080293816743168
2026-05-18,7403.0498046875,0.7313498556954581,-1.0356274213150116,-0.37983358500655184,-0.3080293816743168
2026-05-19,7353.60986328125,0.7234571087775631,-1.0356274213150116,-0.37983358500655184,-0.3080293816743168
2026-05-20,7432.97021484375,0.7222161407852867,-1.0356274213150116,-0.37983358500655184,-0.3080293816743168
2026-05-21,7445.72021484375,0.719524460558156,-1.0356274213150116,-0.37983358500655184,-0.3080293816743168
2026-05-22,7473.47021484375,0.715129417777691,-1.0356274213150116,-0.37983358500655184,-0.3080293816743168
2026-05-26,7519.1201171875,0.7150115078511095,-1.0356274213150116,-0.37983358500655184,-0.3080293816743168
2026-05-27,7520.35986328125,0.7108975342608859,-1.0356274213150116,-0.37983358500655184,-0.3080293816743168
2026-05-28,7563.6298828125,0.7093532795029323,-1.0356274213150116,-0.37983358500655184,-0.3080293816743168
2026-05-29,7580.06005859375,0.7074910170854435,-1.0356274213150116,-0.37983358500655184,-0.3080293816743168
2026-06-01,7599.9599609375,0.7065768757675928,-1.0356274213150116,-0.37983358500655184,-0.3080293816743168
2026-06-02,7609.77978515625,0.7117857895321134,-1.0356274213150116,-0.37983358500655184,-0.3080293816743168
2026-06-03,7553.68017578125,0.7088995255147086,-1.0356274213150116,-0.37983358500655184,-0.3080293816743168
2026-06-04,7584.31005859375,0.6901524210421582,-1.0356274213150116,-0.37983358500655184,-0.3080293816743168
2026-06-05,7383.740234375,0.6880970566873749,-1.0356274213150116,-0.37983358500655184,-0.3080293816743168
2026-06-08,7405.72998046875,0.6898698657979854,-1.0356274213150116,-0.37983358500655184,-0.3080293816743168
2026-06-09,7386.64990234375,0.7010453783855226,-1.0356274213150116,-0.37983358500655184,-0.3080293816743168
2026-06-10,7266.990234375,0.6887638446437628,-1.0356274213150116,-0.37983358500655184,-0.3080293816743168
2026-06-11,7394.2998046875,0.6853024523922709,-1.0356274213150116,-0.37983358500655184,-0.3080293816743168
2026-06-12,7431.4599609375,0.6739755053204673,-1.0356274213150116,-0.37983358500655184,-0.3080293816743168
2026-06-15,7554.2900390625,0.6778065031396032,-1.0356274213150116,-0.37983358500655184,-0.3080293816743168
2026-06-16,7511.35009765625,0.6860406877423869,-1.0356274213150116,-0.37983358500655184,-0.3080293816743168
2026-06-17,7420.10009765625,0.6785997448517062,-1.0356274213150116,-0.37983358500655184,-0.3080293816743168
2026-06-18,7500.580078125,0.6811139921756486,-1.0356274213150116,-0.37983358500655184,-0.3080293816743168
2026-06-22,7472.7900390625,0.6908966861229933,-1.0356274213150116,-0.37983358500655184,-0.3080293816743168
2026-06-23,7365.4599609375,0.6915757905650556,-1.0356274213150116,-0.37983358500655184,-0.3080293816743168
2026-06-24,7358.22021484375,0.6916443991149906,-1.0356274213150116,-0.37983358500655184,-0.3080293816743168
2026-06-25,7357.490234375,0.6919706183256832,-1.0356274213150116,-0.37983358500655184,-0.3080293816743168
2026-06-26,7354.02001953125,0.6919706183256832,-1.0356274213150116,-0.37983358500655184,-0.3080293816743168
